,0,1,2,3,4,5,6,7,8,9,10,11,12,13,14,15,16,17,18,19,20,21,22,23,24,25,26,27,28,29,30,31,32,33,34,35,36,37,38,39,40,41,42,43,44,45,46,47,48,49,50,51,52,53,54,55,56,57,58,59,60
0,6387.16,1121.30,1283.42,2134.96,3418.53,2270.67,249.02,162.55,585.66,853.09,1654.53,2088.30,8970.05,2001.76,1038.16,1133.28,3514.47,2384.49,487.27,6247.71,875.63,231.73,79.70,520.12,16.46,87.81,1970.54,718.15,607.03,217.96,116.33,20.07,17.96,6.88,86.13,9.80,328.46,4.75,0.90,0.60,0.05,623.22,2268.06,1140.63,58.89,55.03,321.47,7.59,70.27,38.24,48.42,27.19,1159.01,1533.17,178.67,251.54,28.13,2.59,0.05,6.61,26.77
1,5967.60,4324.36,2032.12,5052.17,4836.12,3422.59,885.85,622.72,1248.57,1137.97,1574.95,2174.22,8457.57,1871.43,982.37,1150.89,3367.98,2355.62,463.88,5869.96,852.87,219.81,74.49,488.27,15.48,82.47,1848.10,733.21,635.51,210.79,117.36,21.64,20.68,8.90,101.24,9.97,750.42,15.49,3.46,2.31,0.19,1581.04,3493.95,2207.07,174.77,187.64,1099.12,29.05,270.59,147.00,186.07,104.83,1392.52,2191.60,233.28,425.60,105.34,9.27,0.16,9.53,35.96
2,2557.88,761.00,872.70,1392.05,1820.30,1261.59,167.34,110.53,353.13,418.19,667.07,909.91,3597.62,801.84,420.65,478.00,1436.41,995.53,195.93,2520.67,354.82,93.99,31.98,209.58,6.59,35.17,793.40,302.86,258.73,89.33,48.66,8.65,7.96,3.20,38.59,4.11,191.80,3.09,0.61,0.41,0.03,380.85,1151.67,638.09,37.28,36.34,213.04,5.16,47.77,25.88,32.77,18.45,528.56,749.78,83.88,130.89,19.05,1.73,0.03,3.22,12.65
3,3666.24,1630.16,1199.43,3900.02,2530.33,2520.14,449.97,272.88,936.19,871.16,951.74,1510.80,5234.81,1207.09,672.47,835.48,2323.30,1641.93,282.87,3803.61,503.76,152.67,49.52,330.11,9.81,52.45,1248.78,538.64,473.66,150.14,86.31,16.36,15.85,6.87,77.69,7.37,518.19,8.62,1.52,0.98,0.08,1053.03,2681.55,1636.54,104.44,100.49,587.23,13.17,119.02,61.04,77.54,44.88,1066.55,1688.30,180.08,319.99,50.30,4.72,0.08,7.32,27.74
4,3386.21,900.11,904.70,1459.56,3201.50,1339.38,186.13,130.50,366.09,463.41,1000.13,1107.59,5406.30,1180.36,581.93,607.91,1930.53,1278.11,301.44,3433.24,561.51,130.37,46.52,297.01,10.00,53.18,1130.24,386.20,325.04,120.50,63.04,10.71,9.53,3.65,45.67,5.30,198.87,3.32,0.74,0.51,0.05,395.75,1244.75,666.22,39.28,39.65,232.77,6.13,57.71,32.31,41.02,22.71,615.08,826.97,95.19,139.56,21.97,1.93,0.03,3.56,14.27
5,4832.27,1368.59,1347.11,3123.13,2877.58,3823.92,370.81,218.55,978.98,1247.12,1311.17,2264.99,7502.41,1788.07,1016.15,1265.01,3510.77,2481.19,404.92,5494.54,708.49,231.48,74.48,497.98,14.53,77.73,1884.67,812.10,708.63,227.73,129.99,24.17,22.91,9.51,111.83,11.08,551.84,7.71,1.22,0.78,0.06,1046.00,3489.91,1893.16,97.76,87.37,504.31,10.66,95.64,48.92,62.11,35.96,1539.29,2261.66,249.76,396.17,41.44,4.01,0.07,9.71,37.86
6,1996.30,1334.38,673.12,2100.63,1506.43,1396.87,2129.36,687.88,749.29,587.12,517.15,827.39,2822.20,653.69,377.33,505.87,1298.56,913.80,152.66,2049.17,273.95,88.64,27.47,184.45,5.31,28.40,699.95,345.36,324.65,91.26,57.45,12.54,13.66,7.26,66.04,5.05,1150.29,36.90,6.81,4.13,0.27,2309.63,2815.13,2085.76,391.05,450.93,2636.58,60.09,512.19,203.79,278.71,180.79,821.02,1767.43,173.53,467.91,237.69,22.04,0.39,8.88,30.40
7,2647.02,1905.43,903.11,2587.76,2145.35,1672.39,1397.32,1170.04,780.97,614.77,694.47,1008.29,3731.68,830.33,448.21,557.60,1547.08,1092.24,204.40,2625.14,376.58,101.34,33.34,220.78,6.83,36.41,834.95,363.55,326.20,99.85,58.61,11.73,12.04,5.87,58.98,5.05,788.15,25.79,6.43,4.19,0.31,1648.21,2380.89,1707.67,260.22,323.82,1843.09,54.55,504.78,258.76,330.69,192.33,782.37,1471.10,147.77,347.02,196.78,16.80,0.30,6.89,24.35
8,2354.52,943.18,712.34,2191.76,1485.84,1849.43,375.76,192.80,1112.74,864.93,634.54,1141.75,3691.02,919.19,553.75,750.94,1890.71,1312.98,199.73,2691.17,346.40,131.62,40.29,270.87,7.55,40.40,1030.86,505.50,461.92,134.96,82.46,16.69,16.85,7.70,82.75,7.15,604.20,8.69,1.20,0.74,0.05,1183.65,3089.25,1944.83,111.12,97.21,553.00,10.61,91.45,42.77,55.11,33.27,1112.77,1922.07,199.92,378.28,43.43,4.38,0.08,8.44,31.40
9,3286.05,823.63,808.24,1954.10,1802.06,2257.31,282.11,145.42,828.71,2399.55,1070.45,2048.74,7451.99,2204.56,1439.37,2053.97,4714.92,2979.27,420.35,4825.74,705.64,358.44,106.29,711.13,19.01,101.74,2732.44,1402.39,1273.19,372.97,228.21,44.89,43.60,18.28,213.48,19.70,770.30,8.06,0.91,0.55,0.04,1195.80,6367.18,2751.75,111.64,84.41,454.43,8.01,68.23,32.16,41.26,24.78,2935.76,4279.27,480.17,702.57,34.08,3.67,0.06,18.38,72.58
10,1807.48,323.29,365.65,605.47,1103.01,673.07,70.47,46.59,172.43,303.59,994.69,770.19,5339.15,1171.06,573.50,554.83,1847.87,1106.53,292.12,2903.27,526.29,129.12,46.20,295.16,9.77,52.07,1123.95,359.89,299.93,118.11,60.25,9.84,8.37,2.96,39.04,5.06,102.89,1.36,0.26,0.18,0.02,185.75,823.86,366.35,17.22,15.65,91.23,2.17,20.26,11.21,14.21,7.91,494.81,595.67,74.47,90.70,7.98,0.73,0.01,2.64,11.20
11,3125.03,611.34,683.20,1316.55,1673.27,1592.68,154.45,92.65,424.98,795.92,1055.01,2039.09,6573.08,1608.84,906.29,1070.90,3128.61,2205.41,356.44,4699.62,614.82,204.44,66.82,445.45,13.08,69.97,1684.89,678.67,579.17,197.65,108.98,19.28,17.46,6.71,83.97,9.22,271.32,3.33,0.51,0.33,0.03,475.31,2122.35,968.56,43.60,37.14,212.50,4.45,40.20,21.00,26.61,15.23,1131.63,1471.93,173.98,233.64,17.27,1.69,0.03,6.38,26.06
12,7599.16,1346.29,1529.24,2582.50,4623.77,2986.58,298.24,194.13,777.78,1638.94,4140.40,3721.17,58722.21,12808.22,5882.48,4707.02,16421.30,6998.48,3168.38,13879.21,5485.42,1366.74,504.70,3160.84,107.46,572.56,12123.04,3325.53,2768.69,1218.59,594.86,91.96,73.97,23.76,328.67,49.92,526.13,6.09,1.08,0.74,0.07,873.16,4986.64,1882.07,79.97,68.27,394.23,9.05,84.32,46.73,59.29,32.93,3658.93,4022.88,558.11,566.97,33.50,3.14,0.06,19.13,86.34
13,3769.56,662.18,757.63,1323.70,2243.99,1582.21,153.55,96.02,430.55,1077.76,2018.64,2024.56,28470.61,39898.36,13168.36,6002.62,15762.69,4380.97,3127.82,7131.26,6101.64,4094.17,1572.08,9530.84,324.17,1733.15,37335.28,6797.05,6108.84,3494.05,1583.55,224.86,163.08,43.93,630.00,134.41,384.13,3.62,0.53,0.36,0.03,537.11,4487.89,1293.98,50.82,38.35,214.19,4.50,41.47,22.75,28.84,16.08,4500.64,4651.66,818.87,605.88,17.15,1.70,0.03,28.23,145.05
14,1105.99,196.65,224.85,417.19,625.87,508.69,50.14,29.32,146.74,398.09,559.27,645.20,7397.37,7449.73,6491.19,2678.30,5532.73,1451.37,694.56,2124.18,1247.84,1448.93,472.15,3172.94,85.43,456.72,12030.33,3279.20,2839.31,1334.87,654.41,98.22,74.71,21.13,302.70,54.95,161.95,1.40,0.16,0.11,0.01,203.76,1994.34,514.70,20.35,14.13,75.45,1.42,12.73,6.69,8.47,4.82,2142.81,2229.71,403.52,289.02,5.74,0.61,0.01,13.91,70.90
15,2876.72,548.93,608.81,1234.98,1557.84,1508.87,160.18,86.92,474.13,1353.54,1289.20,1816.54,14103.69,8091.32,6381.60,10070.02,13055.62,4013.14,1035.55,5365.53,1735.73,1757.31,511.65,3357.97,86.89,463.22,13156.39,6376.00,5383.33,1799.58,1024.61,177.03,151.74,50.80,695.86,86.68,608.74,5.17,0.51,0.32,0.02,734.89,7449.84,1895.99,75.90,50.86,261.41,4.53,39.10,19.34,24.59,14.42,7312.73,7588.89,1171.51,1000.76,19.34,2.16,0.04,39.83,184.20
16,3715.07,668.96,761.86,1430.15,2060.20,1743.86,171.23,100.43,497.13,1293.90,1788.05,2210.03,20490.11,8848.28,5489.83,5436.85,18968.45,4975.88,1429.38,7109.78,2368.71,1237.25,401.15,2689.09,75.36,403.41,10181.32,3681.50,3061.62,1176.37,616.72,100.52,83.53,27.43,377.51,51.79,453.00,4.35,0.56,0.36,0.03,645.41,4968.23,1552.16,61.10,45.65,250.69,4.87,43.65,22.82,28.90,16.51,4133.72,4409.29,639.79,599.32,19.41,2.00,0.04,21.83,99.63
17,1738.97,322.79,364.28,697.30,941.00,850.28,83.13,48.91,238.17,564.06,738.68,1074.79,6024.63,1696.64,993.54,1152.99,3432.89,2426.44,342.25,3209.06,574.55,224.87,72.76,486.96,13.94,74.59,1843.08,730.79,616.89,217.09,118.15,20.34,17.87,6.47,84.43,9.97,181.54,1.96,0.27,0.18,0.01,288.33,1694.53,647.01,26.56,21.15,118.62,2.37,21.28,11.07,14.02,8.04,1085.04,1284.62,163.27,188.93,9.36,0.94,0.02,5.76,24.55
18,1558.95,278.87,314.52,527.00,973.63,608.75,60.93,40.16,158.94,349.14,855.52,762.07,11965.50,5314.07,2085.85,1305.20,4326.17,1501.44,1444.00,2828.46,2389.09,545.31,216.04,1269.68,47.92,254.63,4995.17,1074.96,914.82,468.09,216.58,31.69,24.06,7.08,100.50,18.28,112.91,1.25,0.23,0.16,0.02,180.75,1152.20,400.79,16.57,13.92,80.33,1.87,17.56,9.84,12.52,6.91,956.00,1008.32,152.68,136.71,6.87,0.64,0.01,5.18,24.69
19,1982.74,350.03,401.37,702.93,1099.95,819.37,81.12,51.16,212.44,397.58,843.40,996.66,5199.23,1201.80,632.77,670.81,2134.49,1396.45,280.56,3808.07,490.03,141.24,48.27,316.52,9.80,52.34,1198.50,427.54,358.76,132.51,69.92,11.79,10.29,3.75,48.60,5.88,132.71,1.66,0.28,0.19,0.02,233.47,1080.28,474.31,21.46,18.72,108.15,2.40,22.07,11.91,15.07,8.49,631.67,775.45,95.43,118.90,9.07,0.86,0.02,3.41,14.31
20,422.78,77.37,85.96,141.64,273.70,160.74,16.50,11.17,41.60,88.45,232.60,198.37,3126.33,1564.46,565.54,330.16,1081.93,380.39,360.55,745.54,942.17,165.14,70.01,380.57,16.42,86.75,1545.72,286.64,247.94,138.29,62.10,8.85,6.54,1.86,26.54,5.28,28.48,0.33,0.06,0.05,0.00,46.49,287.75,101.44,4.26,3.68,21.38,0.52,4.96,2.81,3.59,1.97,240.78,252.94,38.94,34.19,1.89,0.17,0.00,1.32,6.39
21,537.63,95.82,109.41,206.26,305.36,252.35,25.65,14.44,75.95,215.89,274.21,316.96,3742.91,5044.08,3155.40,1606.15,2715.47,715.37,395.43,1032.58,793.52,36410.96,8541.98,7652.50,1088.89,5182.93,95612.00,5930.95,13713.49,27803.24,11142.42,1440.88,838.33,154.41,1688.70,1043.72,131.46,0.99,0.08,0.05,0.00,124.15,1686.15,330.73,15.38,8.87,42.58,0.72,6.34,3.27,4.14,2.37,2147.58,3047.16,980.68,453.09,3.11,0.37,0.01,51.00,371.45
22,457.73,80.39,92.17,165.61,269.73,201.02,19.68,11.76,57.56,158.47,242.88,256.44,3421.53,4794.62,2545.36,1157.64,2179.50,573.01,387.83,873.56,832.79,21145.77,34604.75,6563.80,4236.02,17983.95,88955.65,3703.55,7969.94,20716.04,9793.93,1392.77,714.63,113.43,1052.11,1185.20,82.10,0.63,0.06,0.04,0.00,84.94,1064.30,222.91,9.65,5.91,30.12,0.56,5.08,2.74,3.48,1.95,1347.98,1804.22,569.78,263.80,2.26,0.25,0.00,31.20,243.24
23,1437.48,253.56,290.62,531.28,828.69,646.71,63.59,37.47,186.21,510.23,746.72,822.68,10311.64,13987.77,8231.32,3656.07,7030.64,1845.42,1096.80,2756.48,2178.36,9116.01,3158.58,21233.80,547.08,2907.49,80303.26,8522.62,10051.27,7706.27,3357.56,455.25,305.27,71.04,981.30,289.58,232.17,1.89,0.21,0.14,0.01,267.09,2983.86,689.40,28.08,18.48,96.67,1.80,16.22,8.62,10.91,6.18,3594.73,4067.67,937.50,535.78,7.29,0.79,0.01,35.82,210.58
24,204.40,36.11,41.08,70.96,125.39,84.79,8.23,5.21,23.31,61.29,111.09,108.53,1574.96,2137.39,995.62,425.02,885.12,237.26,185.96,383.38,422.24,5827.50,9157.84,2457.82,6436.39,15824.86,30330.61,1161.81,2214.85,5482.38,2690.76,409.62,201.71,30.66,279.25,365.95,27.16,0.22,0.03,0.02,0.00,31.29,351.62,80.02,3.26,2.17,11.70,0.24,2.26,1.27,1.62,0.89,436.25,542.29,159.39,76.23,0.92,0.09,0.00,8.30,64.40
25,309.96,54.70,62.29,107.81,189.50,128.94,12.51,7.89,35.47,93.24,168.24,165.05,2385.78,3248.89,1513.35,644.18,1347.15,361.05,280.95,582.16,634.27,7886.03,11053.59,3713.64,4499.07,24085.68,44790.09,1711.15,3084.80,6927.90,3138.20,446.04,228.36,36.78,366.84,384.24,40.79,0.33,0.04,0.03,0.00,47.53,527.11,121.30,4.91,3.30,17.81,0.37,3.43,1.92,2.44,1.34,650.17,793.15,224.71,109.89,1.40,0.14,0.00,11.05,82.04
26,537.85,94.78,108.66,198.49,311.44,241.72,23.83,13.99,69.99,193.62,280.82,307.32,3905.86,5411.49,3082.23,1414.67,2628.89,689.80,426.15,1030.79,873.80,11248.47,4227.56,7930.73,666.75,3463.22,108761.00,4154.81,6757.20,8748.90,3544.29,460.05,280.02,56.33,702.17,323.62,96.25,0.76,0.08,0.05,0.00,103.56,1249.36,270.71,11.42,7.19,36.83,0.68,6.06,3.22,4.08,2.31,1561.15,1924.48,520.37,264.16,2.75,0.30,0.01,22.68,149.24
27,1797.56,344.84,380.36,785.12,975.89,955.17,107.83,55.88,314.72,911.29,824.59,1135.18,9825.54,9034.58,7704.54,6287.20,8717.34,2508.18,841.00,3372.09,1485.96,6398.77,1614.08,7718.69,234.21,1213.32,38101.51,28849.06,23973.51,7470.02,4616.65,787.70,638.89,185.79,2662.71,391.75,636.23,4.83,0.35,0.21,0.02,585.76,8197.11,1570.08,74.52,42.87,197.52,3.12,25.97,12.37,15.80,9.41,10437.21,13313.21,3137.82,1788.91,14.32,1.78,0.03,114.09,612.94
28,933.83,183.70,199.71,424.32,504.79,512.24,62.30,30.81,176.75,508.48,422.36,595.39,5027.60,4990.41,4099.98,3262.50,4455.54,1301.28,439.88,1739.07,789.96,9093.06,2134.78,5594.76,274.41,1344.33,38084.43,14734.03,67406.21,14219.22,11899.12,2210.67,1772.59,469.72,6580.67,1042.78,516.10,3.92,0.21,0.12,0.01,382.86,6067.90,1022.25,61.52,31.38,128.08,1.88,15.02,6.82,8.76,5.33,7246.77,13573.31,4818.74,2186.00,9.36,1.29,0.02,225.90,1407.79
29,638.28,115.99,131.26,256.03,356.25,313.37,33.34,17.96,98.31,283.55,316.61,386.78,4212.31,5433.57,3669.32,2076.10,3258.91,871.72,428.45,1222.79,838.72,35094.20,10562.86,8165.51,1293.03,5747.23,93866.88,8739.57,27067.86,85866.41,34410.93,4449.94,2560.18,450.27,4317.98,3162.44,213.85,1.61,0.11,0.07,0.01,178.23,2637.69,478.30,25.20,13.45,59.92,0.95,8.08,4.01,5.09,2.97,3313.16,5464.81,2034.99,895.76,4.34,0.56,0.01,127.56,1007.40
30,797.39,151.14,167.36,344.51,436.20,418.69,49.12,24.67,140.59,406.09,378.03,499.17,4812.92,5763.88,4210.39,2766.70,3998.92,1110.41,464.00,1510.07,881.57,32919.04,11688.53,8327.03,1485.40,6093.47,89005.26,12642.19,53017.68,80542.35,280540.74,36275.07,20252.31,3181.17,18929.99,23529.79,454.20,3.64,0.17,0.10,0.01,304.66,4936.18,810.04,56.95,26.79,102.26,1.48,11.83,5.46,6.99,4.22,5719.36,12632.66,5949.63,2638.98,7.55,1.11,0.02,614.62,5863.25
31,105.74,21.43,22.86,50.21,56.99,59.85,8.24,3.79,21.88,61.40,47.45,67.89,571.97,629.18,485.78,367.47,501.06,146.95,52.19,195.80,96.61,3272.44,1277.79,867.95,173.83,665.78,8881.06,1658.19,7571.94,8006.81,27885.96,168600.06,72801.20,8242.22,7243.13,17854.43,120.58,1.27,0.03,0.02,0.00,60.20,993.75,152.30,18.61,7.45,21.49,0.28,2.06,0.85,1.10,0.70,968.82,3111.08,1764.73,1028.64,1.75,0.32,0.01,543.67,7699.74
32,90.89,19.66,20.21,46.70,48.69,54.47,8.62,3.74,21.21,57.27,38.78,59.05,441.79,438.19,354.85,302.46,399.85,123.98,38.05,164.04,68.55,1828.33,629.59,558.88,82.20,327.32,5190.97,1291.49,5830.22,4423.53,14950.15,69908.85,226859.28,25185.12,7947.85,7553.82,161.56,2.12,0.04,0.02,0.00,68.56,1085.33,164.82,29.39,11.02,26.33,0.34,2.28,0.85,1.13,0.75,922.01,3648.02,2114.49,1575.05,2.38,0.50,0.01,1120.48,17870.87
33,45.88,11.17,10.71,26.71,24.62,29.82,6.04,2.41,12.79,31.68,18.07,29.92,187.18,155.68,132.38,133.55,173.18,59.23,14.76,78.80,25.69,444.15,131.80,171.54,16.48,69.54,1377.29,495.35,2037.66,1026.09,3097.25,10438.94,33217.18,84034.95,3589.14,1186.62,156.89,3.27,0.05,0.02,0.00,52.81,726.30,114.16,39.73,13.85,23.91,0.31,1.82,0.58,0.80,0.57,484.31,2541.92,1366.43,1692.92,2.68,0.70,0.01,1624.69,26117.04
34,461.23,101.86,103.69,242.25,246.87,281.39,44.11,19.39,110.22,296.76,191.35,300.46,2077.43,1791.43,1521.49,1467.91,1912.29,619.93,168.20,820.08,294.36,3897.58,980.93,1901.27,120.43,556.46,13775.34,5696.32,22906.07,7895.57,14788.53,7360.77,8411.12,2879.89,41302.80,2049.78,680.96,6.43,0.20,0.10,0.01,337.39,5495.07,835.43,97.85,41.10,122.26,1.60,11.34,4.40,5.81,3.80,4772.83,17697.59,10051.44,5182.80,9.96,1.75,0.03,1219.64,8755.61
35,26.00,4.97,5.47,11.39,14.20,13.80,1.67,0.82,4.71,13.57,12.27,16.34,156.25,189.27,136.79,90.55,129.93,36.24,15.15,49.15,28.98,1192.98,547.24,277.86,78.16,288.65,3144.19,415.04,1797.55,2863.73,9103.34,8985.69,3958.94,471.53,1015.11,8508.39,18.17,0.16,0.01,0.00,0.00,10.92,180.22,28.69,2.44,1.07,3.71,0.05,0.40,0.18,0.23,0.14,198.90,503.42,262.73,127.39,0.28,0.04,0.00,46.55,567.36
36,1542.20,662.04,451.85,1416.83,942.66,1217.52,673.71,227.24,705.64,938.94,442.23,851.31,2915.98,957.77,713.76,1125.99,2012.09,1168.76,165.70,1963.51,276.97,266.05,67.12,394.43,10.27,54.25,1655.80,1193.46,1575.19,342.87,311.13,107.44,149.92,110.38,597.10,32.17,25893.46,194.75,7.20,3.56,0.16,5814.12,16015.14,6547.07,3028.59,1520.58,3937.09,50.68,282.81,69.35,104.95,83.70,3506.97,16104.41,1705.47,8487.32,375.39,63.15,1.05,149.28,464.44
37,80.40,49.26,26.27,85.01,56.82,61.31,77.93,26.81,36.61,35.41,21.11,37.72,121.62,32.54,22.25,34.46,69.69,45.40,6.60,88.55,11.40,7.26,1.86,11.56,0.30,1.59,46.87,32.70,43.17,9.31,9.00,4.07,7.11,8.30,20.33,1.02,702.23,15365.55,96.04,44.78,1.10,301.89,442.17,230.08,6906.83,13793.49,1360.18,92.84,185.82,16.66,35.33,43.38,96.21,459.70,54.54,404.10,4056.49,2880.84,25.67,10.28,30.21
38,41.56,30.10,14.17,41.07,34.80,26.69,39.40,18.31,13.87,10.91,11.01,15.91,59.09,13.03,7.09,9.37,24.50,17.32,3.28,41.09,6.20,1.64,0.52,3.48,0.11,0.58,13.15,6.53,6.47,1.70,1.15,0.31,0.41,0.33,1.73,0.11,71.11,263.02,6153.20,2770.32,68.67,67.88,68.75,48.49,308.04,1546.95,431.92,160.71,258.91,18.78,48.45,65.31,16.86,49.83,4.93,24.68,6295.78,890.99,6.62,0.46,1.37
39,30.89,22.30,10.49,29.25,26.65,18.91,26.48,13.22,9.41,7.33,8.34,11.41,45.03,9.83,5.08,6.39,17.51,12.35,2.55,30.29,4.95,1.15,0.39,2.52,0.09,0.46,9.53,4.29,4.09,1.14,0.72,0.18,0.23,0.18,1.00,0.06,39.02,136.01,3072.26,23749.77,474.67,41.01,41.33,29.84,154.55,774.13,250.74,101.20,181.25,14.25,37.08,48.16,10.57,28.84,2.82,13.22,3173.60,486.69,3.34,0.24,0.72
40,5.74,4.00,1.91,4.95,5.17,3.22,3.87,2.19,1.47,1.15,1.62,2.01,9.00,1.99,0.94,1.07,3.16,2.18,0.53,5.62,1.09,0.21,0.08,0.48,0.02,0.11,1.86,0.68,0.61,0.20,0.11,0.02,0.03,0.02,0.12,0.01,3.91,7.34,167.58,1044.51,978.20,5.05,5.26,3.91,10.81,51.39,26.81,11.08,25.19,2.43,6.22,7.36,1.50,3.43,0.33,1.28,209.42,24.27,0.19,0.02,0.07
41,4851.44,2312.55,1487.53,4773.50,3110.07,3826.16,2242.72,787.89,2291.88,2416.60,1323.61,2472.53,8023.22,2220.32,1488.90,2253.67,4752.88,3077.62,439.78,5726.85,749.54,416.58,115.13,752.29,19.62,104.82,2953.66,1821.71,1937.35,473.77,346.01,88.94,105.47,61.60,490.48,32.05,9639.45,138.81,11.40,6.21,0.35,20602.87,20760.78,14493.78,1886.86,1425.12,6886.18,96.75,683.11,217.31,308.83,220.40,5028.90,13991.65,1356.62,4163.98,500.15,60.52,1.06,77.58,259.65
42,5664.69,1639.68,1443.23,3900.11,3138.54,4095.79,877.05,365.16,1919.17,4128.46,1883.53,3542.23,14701.38,5952.29,4675.53,7330.11,11738.58,5803.28,899.47,8501.85,1488.45,1815.20,462.83,2696.52,70.73,372.95,11432.27,8179.28,9851.51,2249.62,1798.66,471.04,535.73,271.82,2563.05,169.73,8519.07,65.23,3.70,2.01,0.12,6660.96,110611.28,16793.50,1002.96,563.93,2275.94,31.28,228.07,85.56,114.86,76.26,24061.33,68274.64,6809.49,12167.75,169.13,23.27,0.40,301.84,1117.86
43,7636.30,2776.36,2143.41,6380.19,4502.76,5955.61,1741.83,702.04,3238.61,4782.62,2245.05,4333.14,14873.08,4600.29,3234.45,5000.52,9830.24,5939.49,838.67,10005.78,1406.50,954.37,259.84,1669.98,43.15,230.06,6640.07,4199.42,4448.71,1093.45,791.19,193.50,218.07,114.53,1044.50,72.44,9335.19,90.98,7.00,3.89,0.23,12464.94,45014.92,33460.91,1312.04,887.47,4171.38,60.41,452.31,168.63,227.99,151.93,11575.63,28328.92,2782.83,6426.58,302.67,37.27,0.65,134.50,476.52
44,690.22,384.90,219.25,712.83,464.84,538.44,571.74,187.30,323.95,339.71,184.81,341.50,1106.39,316.34,223.93,350.44,677.45,426.78,60.69,792.74,103.36,77.69,19.70,119.10,3.07,16.31,490.50,348.94,468.70,100.87,97.38,41.39,68.09,69.78,214.18,10.80,7560.33,4781.62,77.87,35.23,1.12,2841.00,4706.76,2297.05,75030.53,25257.73,8820.60,248.78,744.86,91.62,172.72,184.80,1026.37,4992.23,584.21,4141.15,4430.71,1280.30,18.56,92.32,270.41
45,519.69,332.98,172.21,552.66,378.09,387.75,531.23,187.80,228.37,206.95,135.28,234.39,761.05,192.34,125.30,189.23,407.87,273.90,41.10,557.20,71.96,36.12,9.72,63.14,1.65,8.82,248.77,161.76,192.62,43.39,36.91,13.36,20.57,19.60,72.49,3.81,3058.62,7694.62,315.10,142.19,4.29,1729.01,2132.46,1251.97,20352.17,102699.07,9266.35,650.12,1379.73,122.78,262.77,322.64,469.14,1902.83,204.77,1290.25,17737.41,4233.40,70.27,26.39,77.56
46,2862.42,1838.90,951.79,3044.89,2092.41,2110.04,2928.42,1007.77,1224.76,1050.45,743.58,1264.39,4143.49,1012.76,630.64,916.97,2111.65,1448.30,223.57,3034.39,394.22,163.44,46.70,311.44,8.39,44.91,1201.33,702.65,741.34,182.18,132.85,36.31,46.33,31.90,203.31,12.46,7466.30,715.36,82.94,43.42,2.11,7876.63,8113.90,5547.95,6700.83,8736.20,51283.67,654.31,3423.66,531.47,966.66,931.41,1922.61,5883.68,577.57,2447.53,3716.18,406.54,7.23,43.05,134.45
47,83.86,60.31,28.61,84.74,68.38,55.33,82.83,37.02,29.16,22.99,21.97,32.87,118.07,26.40,14.75,19.72,50.90,35.94,6.47,83.64,12.00,3.45,1.08,7.22,0.22,1.15,27.34,13.75,13.48,3.59,2.38,0.60,0.74,0.51,3.31,0.22,119.28,60.60,38.30,21.75,1.08,137.34,138.41,99.71,234.53,760.64,812.00,338.96,502.39,34.97,86.62,118.49,35.02,95.68,9.33,39.16,1094.76,73.95,1.19,0.69,2.14
48,863.91,625.08,294.69,852.06,716.29,552.50,785.47,381.08,279.64,217.76,227.97,330.28,1223.67,270.76,146.92,189.37,507.63,358.79,67.49,855.06,126.26,33.58,10.86,72.15,2.24,11.93,272.91,127.58,120.01,33.93,21.22,4.81,5.53,3.35,26.03,1.87,740.51,134.93,68.65,43.34,2.74,1078.83,1122.66,830.60,781.28,1796.02,4727.09,558.95,5387.60,374.76,923.97,1242.44,306.23,733.71,71.16,248.05,1834.49,131.56,2.21,4.39,14.15
49,679.17,490.55,230.66,631.33,579.26,408.25,451.48,282.22,188.96,148.31,182.18,249.25,979.64,214.56,111.54,135.30,383.40,269.58,54.65,666.31,103.49,25.01,8.49,55.39,1.82,9.64,209.71,87.81,78.69,24.32,14.14,2.85,2.99,1.54,14.59,1.22,262.32,17.47,7.19,4.92,0.38,495.82,608.46,447.37,138.84,230.90,1060.10,56.21,541.40,313.49,396.83,219.26,190.29,378.94,37.47,100.25,187.09,14.16,0.24,1.88,6.45
50,556.43,401.82,188.94,518.96,475.96,335.45,399.57,233.39,157.55,123.12,149.49,204.34,804.31,176.01,91.37,111.35,314.18,221.01,44.97,545.81,85.52,20.50,6.96,45.38,1.50,7.94,171.78,72.53,65.42,19.98,11.71,2.41,2.57,1.38,12.48,1.01,256.90,23.99,12.01,8.29,0.63,455.95,528.55,391.39,169.36,319.76,1247.71,90.10,863.77,256.79,668.12,360.48,160.07,331.76,32.57,93.39,294.13,21.35,0.36,1.72,5.78
51,230.37,166.92,78.46,221.48,194.25,143.19,191.10,100.08,70.12,54.51,61.32,86.27,329.34,72.37,38.37,48.14,132.36,93.43,18.30,226.79,34.55,8.67,2.88,18.93,0.61,3.23,71.62,31.86,29.36,8.60,5.21,1.13,1.26,0.72,6.01,0.46,151.06,21.71,11.94,7.94,0.55,239.92,258.75,192.30,133.61,289.48,886.41,90.87,856.38,104.61,265.79,364.62,73.71,165.76,16.12,51.90,295.08,20.93,0.35,0.93,3.05
52,6131.12,1384.13,1402.93,3285.49,3284.81,3826.26,541.76,254.15,1464.19,4031.73,2396.00,4000.31,22847.25,12642.89,10640.14,15239.55,20686.35,7870.42,1580.68,10529.16,2638.00,4896.72,1241.58,6880.51,185.86,974.32,30256.63,22058.10,24919.45,5984.92,4414.03,972.64,963.94,383.91,4715.08,396.76,3951.15,30.06,1.92,1.09,0.07,3417.40,50962.35,9146.59,463.23,262.77,1142.22,16.76,131.77,56.68,73.68,46.02,64908.81,67025.34,9755.77,8733.10,83.11,10.87,0.19,338.66,1468.62
53,3259.12,875.37,799.71,2089.92,1774.70,2259.12,468.66,192.03,1016.29,2361.56,1159.09,2090.91,10094.29,5250.95,4449.07,6355.21,8866.87,3744.45,669.95,5194.17,1113.60,2791.96,667.79,3128.66,92.84,477.62,14988.14,11306.43,18755.93,3966.89,3917.79,1255.11,1532.61,809.69,7025.64,403.55,7291.13,57.72,2.28,1.19,0.06,3820.77,58109.61,8995.04,905.41,428.29,1404.65,18.41,126.86,45.35,61.36,41.58,26933.81,203387.02,19720.18,26326.36,111.78,17.79,0.30,872.91,3321.43
54,812.35,199.29,191.36,476.77,436.90,533.59,98.41,41.25,226.09,566.76,309.94,528.60,2995.21,1977.05,1722.07,2098.30,2751.75,1017.88,216.97,1367.15,366.66,1921.82,451.06,1542.25,58.37,289.42,8667.94,5699.55,14241.53,3159.42,3946.46,1522.71,1900.00,930.93,8534.36,450.45,1651.44,14.65,0.48,0.25,0.01,792.34,12395.78,1889.87,226.62,98.57,294.91,3.84,26.32,9.59,12.88,8.65,8384.77,42177.55,24455.24,10616.29,24.23,4.16,0.07,830.41,3661.47
55,1230.34,391.15,321.24,911.43,689.14,910.55,285.49,104.23,460.23,892.14,406.10,763.67,3273.47,1573.71,1326.97,1928.38,2773.16,1267.16,209.01,1832.60,346.31,955.23,224.67,948.22,30.03,152.27,4733.85,3495.75,6950.43,1496.16,1883.19,954.87,1522.58,1240.80,4734.20,234.96,8841.59,116.75,2.60,1.26,0.06,2616.38,23829.17,4695.30,1728.15,668.22,1344.49,17.33,98.69,27.61,39.75,29.96,8074.91,60576.03,11421.21,95601.99,141.88,29.80,0.46,1680.92,5202.84
56,344.16,242.17,116.93,358.41,271.37,238.25,362.75,147.85,132.18,108.24,89.38,141.16,483.83,111.41,65.88,93.19,224.66,157.03,26.26,349.58,47.79,16.41,4.81,32.28,0.91,4.84,123.41,69.99,74.47,18.14,13.47,4.07,5.75,4.92,22.76,1.29,978.17,2931.47,1661.27,755.12,22.64,786.09,828.53,553.13,4625.00,22978.00,5106.29,1212.16,1825.66,128.88,313.12,426.04,192.22,643.38,65.21,354.88,95062.26,5900.06,76.71,6.73,19.99
57,55.41,37.25,18.60,58.80,41.75,40.28,58.79,22.06,23.31,20.36,14.36,24.08,79.29,19.30,12.23,18.22,40.46,27.60,4.28,58.01,7.60,3.41,0.93,6.10,0.16,0.86,23.84,15.20,17.97,4.06,3.46,1.31,2.12,2.24,6.98,0.36,287.54,3637.91,410.83,202.36,4.59,166.21,199.20,119.00,2335.33,9583.15,976.14,143.07,228.78,17.05,39.71,52.82,43.92,178.88,19.55,130.24,10309.87,14000.90,48.52,2.91,8.51
58,0.63,0.42,0.21,0.67,0.48,0.46,0.67,0.25,0.27,0.23,0.16,0.28,0.91,0.22,0.14,0.21,0.46,0.32,0.05,0.66,0.09,0.04,0.01,0.07,0.00,0.01,0.27,0.17,0.20,0.04,0.04,0.01,0.02,0.02,0.07,0.00,3.06,20.82,1.96,0.89,0.02,1.88,2.20,1.34,21.74,102.19,11.15,1.48,2.47,0.19,0.43,0.57,0.49,1.91,0.20,1.29,86.11,31.17,0.55,0.03,0.08
59,41.78,11.32,10.20,26.94,22.68,28.83,7.00,2.67,13.27,30.15,15.27,26.94,142.67,94.71,82.51,99.15,130.48,49.94,10.24,67.96,17.31,138.89,34.33,81.90,4.23,19.77,525.06,288.00,927.81,275.22,566.57,651.93,1399.19,1538.24,1439.13,110.92,200.89,3.84,0.06,0.03,0.00,62.97,763.58,126.93,49.77,17.65,30.55,0.39,2.26,0.67,0.94,0.69,404.51,2594.57,1154.04,2171.37,3.48,0.86,0.01,2113.95,6188.80
60,168.15,42.43,39.87,101.44,90.51,111.73,23.82,9.39,49.05,118.35,64.37,109.36,640.08,483.78,417.96,455.78,591.96,211.44,48.47,283.20,83.18,1005.58,266.00,478.57,32.58,145.96,3434.12,1538.03,5747.67,2160.63,5372.63,9177.98,22183.15,24580.06,10269.75,1343.78,621.27,11.21,0.18,0.09,0.00,209.49,2811.10,447.05,144.90,51.58,94.84,1.22,7.23,2.28,3.16,2.26,1743.69,9813.57,5058.10,6680.86,10.26,2.50,0.04,6151.93,103937.37
